parameter,value
constant_ratio,0.5430684979318321
min_ratio,0.2951649334916111
max_ratio,0.8182371018099823
sd_ratio,0.2120464340231171
n_overlaps,5
