parameter,value
intercept,0.18142969711336246
slope,0.0013208137356408678
r_squared,0.8067760190403883
