parameter,value
constant_ratio,0.5551026368401375
min_ratio,0.3811207495573102
max_ratio,0.7992338569264801
sd_ratio,0.17571341849519148
n_overlaps,5
